Referencia,Produto
LACOR 66302Z,CAIXA 1/3 176X325X20 INOX - 66302Z
LACOR 66320Z,CAIXA 1/3 176X325X200 INOX - 66320Z
LACOR 66340Z,CAIXA 1/3 176X325X40 INOX - 66340Z
LACOR 66402Z,CAIXA 1/4 265X162X20 INOX - 66402Z
LACOR 66415Z,CAIXA 1/4 265X162X150 INOX - 66415Z
LACOR 66420Z,CAIXA 1/4 265X162X200 INOX - 66420Z
LACOR 66465Z,CAIXA 1/4 265X162X65 INOX - 66465Z
LACOR 66620Z,CAIXA 1/6 176X162X200 INOX - 66620Z
LACOR 66665Z,CAIXA 1/6 176X162X65 INOX - 66665Z
LACOR 66902DZ,TAMPA CAIXA 1/2 INOX - 66902DZ
LACOR 66903DZ,TAMPA CAIXA 1/3 INOX - 66903DZ
LACOR 66906DZ,TAMPA CAIXA 1/6 INOX - 66906DZ
LACOR 66923Z,GUIA DIVISÓRIA 530 mm INOX - 66923Z
LACOR 66925Z,GUIA DIVISÓRIA 325 mm INOX - 66925Z
LACOR 10330,BOBINA ALUMÍNIO 30 CMx300 M - 11u - 10330
LACOR 10430,BOBINA ALUMÍNIO 40 CMx300 M - 11u - 10430
LACOR 11330,BOBINA FILME TRANSPARENTE 30CMx300mt 10u - 11330
LACOR 14114,"BALDE INOX GARINOX 14 CM 1,40 LT. - 14114"
LACOR 14121,BALDE DE GELO INOX 20CMS 4LTS. - 14121
LACOR 14218,CAÇAROLA DIREITE 18CM GARINOX - 14218
LACOR 14220,CAÇAROLA DIREITE 20CM GARINOX - 14220
LACOR 14322,CAÇAROLA COM TAMPA 22CM GARINOX - 14322
LACOR 14324,CAÇAROLA COM TAMPA 24CM GARINOX - 14324
LACOR 14424,PANELA COM TAMPA 24CM GARINOX - 14424
LACOR 20021,CAÇAROLA ALTA COM TAMPA D.20CM CHEF ALUM - 20021
LACOR 20028,CAÇAROLA COM TAMPA D.28CM CHEF ALUMINIO - 20028
LACOR 20029,CAÇAROLA ALTA COM TAMPA D.28CM CHEF ALUM - 20029
LACOR 20032,CAÇAROLA COM TAMPA D.32CM CHEF ALUMINIO - 20032
LACOR 20033,CAÇAROLA ALTA COM TAMPA D.32CM CHEF ALUM - 20033
LACOR 20039,CAÇAROLA ALTA COM TAMPA D.38CM CHEF ALUM - 20039
LACOR 20046,CAÇAROLA ALTA COM TAMPA D.45CM CHEF ALUM - 20046
LACOR 20050,CAÇAROLA COM TAMPA D.50CM CHEF ALUMINIO - 20050
LACOR 20051,CAÇAROLA ALTA COM TAMPA D.50CM CHEF ALUM - 20051
LACOR 20060,CAÇAROLA COM TAMPA D.60CM CHEF ALUMINIO - 20060
LACOR 20061,CAÇAROLA ALTA COM TAMPA D.60CM CHEF ALUM - 20061
LACOR 20120,PANELA COM TAMPA D.20CM CHEF ALUMINIO - 20120
LACOR 20124,PANELA COM TAMPA D.24CM CHEF ALUMINIO - 20124
LACOR 20134,PANELA COM TAMPA D.34CM CHEF ALUMINIO - 20134
LACOR 20138,PANELA COM TAMPA D.38CM CHEF ALUMINIO - 20138
LACOR 20145,PANELA COM TAMPA D.40CM CHEF ALUMINIO - 20145
LACOR 20150,PANELA COM TAMPA D.50CM CHEF ALUMINIO - 20150
LACOR 20160,PANELA COM TAMPA D.60CM CHEF ALUMINIO - 20160
LACOR 20228,CAÇAROLA DIREITE 28CMS. CHEF ALUMINIO - 20228
LACOR 20229,CAÇAROLA ALTA DIREITE 28CM. CHEF ALUMINI - 20229
LACOR 20341,COADOR 4 SECTORES C/CAÇA. E TAMPA DE ALUMÍNIO REFª 20341
LACOR 20470,PEIXEIRA 70 CMS. CHEF ALUMINIO - 20470
LACOR 20511,PANELA DE PRESSAO PRO-CLASSIC 11 L - 20511
LACOR 20515,PANELA DE PRESSAO PRO-CLASSIC 15 L - 20515
LACOR 20522,PANELA DE PRESSAO PRO-CLASSIC 22 L - 20522
LACOR 20533,PANELA DE PRESSAO PRO-CLASSIC 33 L - 20533
LACOR 20550F,ASSADEIRA COM ASA FIXA 50CMS CHEF-ALUMIN - 20550F
LACOR 20570F,ASSADEIRA COM ASA FIXA 70CMS CHEF-ALUMIN - 20570F
LACOR 20850,PANELA DE PRESSãO ROBUST 50 LT. - 20850
LACOR 20928,TAMPA 28CMS. CHEF ALUMINIO - 20928
LACOR 21618,SERTã CHEF TRICAPA 18CM. ALUMINIO - 21618
LACOR 21620,SERTã CHEF TRICAPA 20CM. ALUMINIO - 21620
LACOR 21624,SERTã CHEF TRICAPA 24CM. ALUMINIO - 21624
LACOR 21626,SERTã CHEF TRICAPA 26CM. ALUMINIO - 21626
LACOR 21632,SERTã CHEF TRICAPA 32CM. ALUMINIO - 21632
LACOR 21640,SERTã CHEF TRICAPA 40CM. ALUMINIO - 21640
LACOR 21718,SERTA TRICAPA PLUS COM FUNDO D.18 CM - 21718
LACOR 21722,SERTA TRICAPA PLUS COM FUNDO D.22 CM - 21722
LACOR 21726,SERTA TRICAPA PLUS COM FUNDO D.26 CM - 21726
LACOR 21736,SERTA TRICAPA PLUS COM FUNDO D.36 CM - 21736
LACOR 22718,SERTA ECO-CHEF COM FUNDO D.18 CM - 22718
LACOR 22722,SERTA ECO-CHEF COM FUNDO D.22 CM - 22722
LACOR 22726,SERTA ECO-CHEF COM FUNDO D.26 CM - 22726
LACOR 22736,SERTA ECO-CHEF COM FUNDO D.36 CM - 22736
LACOR 23120,"SERTã PREMIUM, 20 CM - 23120"
LACOR 23126,"SERTã PREMIUM, 26 CM - 23126"
LACOR 23136,"SERTã PREMIUM, 36 CM - 23136"
LACOR 23416,"SERTã DYNAMIC, 16 CM - 23416"
LACOR 23420,"SERTã DYNAMIC, 20 CM - 23420"
LACOR 23424,"SERTã DYNAMIC, 24 CM - 23424"
LACOR 23428,"SERTã DYNAMIC, 28 CM - 23428"
LACOR 23436,"SERTã DYNAMIC, 36 CM - 23436"
LACOR 23614,SERTã BLINIS ROBUST 14CM ALUM. - 23614
LACOR 23616,SERTã ROBUST 16CM. ALUMINIO - 23616
LACOR 23620,SERTã ROBUST 20CM. ALUMINIO - 23620
LACOR 23624,SERTã ROBUST 24CM. ALUMINIO - 23624
LACOR 23628,SERTã ROBUST 28CM. ALUMINIO - 23628
LACOR 23636,SERTã ROBUST 36CM. ALUMINIO - 23636
LACOR 23640,SERTã ROBUST 40CM. ALUMINIO - 23640
LACOR 23641,SERTã OVAL ROBUST 40X29CM ALUMINIO - 23641
LACOR 23816,SERTã ROBUST PLUS 16CM. ALUMINIO - 23816
LACOR 23820,SERTã ROBUST PLUS 20CM. ALUMINIO - 23820
LACOR 23824,SERTã ROBUST PLUS 24CM. ALUMINIO - 23824
LACOR 23828,SERTã ROBUST PLUS 28CM. ALUMINIO - 23828
LACOR 23830,WOK ROBUST 30CM ALUMINIO. - 23830
LACOR 23832,SERTã ROBUST PLUS 32CM. ALUMINIO - 23832
LACOR 23840,SERTã ROBUST PLUS 40CM. ALUMINIO - 23840
LACOR 24118,SERTÃ ALUM. FUND ECO-PIEDRA D.18 CMS - 24118
LACOR 24122,SERTÃ ALUM. FUND.ECO-PIEDRA 22 - 24122
LACOR 24124,SERTÃ ALUM. FUND.ECO-PIEDRA 24 - 24124
LACOR 24126,SERTÃ ALUM. FUND.ECO-PIEDRA 26 - 24126
LACOR 24128,SERTÃ ALUM.FUND.ECO-PIEDRA 28 - 24128
LACOR 24137,CREPEIRA ECO-PIEDRA 24 CM - 24137
LACOR 24720,SERTÃ FROJADA VOGA D 20 CM - 24720
LACOR 24724,SERTÃ FROJADA VOGA D 24 CM - 24724
LACOR 24728,SERTÃ FROJADA VOGA D 28 CM - 24728
LACOR 24918,SERTÃ ALUMÍNIO LOFT D.18 CMS - 24918
LACOR 24922,SERTÃ ALUMÍNIO LOFT D.22 CMS - 24922
LACOR 24926,SERTÃ ALUMÍNIO LOFT D.26 CMS - 24926
LACOR 25218,SERTÃ VERDE ALUMINIO FORJADO 18 CMS - REFª 25218
LACOR 25820,CAÇAROLA ALUM.FUND.20 COM TAMPA DE VIDRO - 25820
LACOR 25823,CAÇAROLA ALUM.FUND.24 COM TAMPA DE VIDRO - 25823
LACOR 25824,CAÇAROLA ALUM.FUND.24 COM TAMPA DE VIDRO - 25824
LACOR 25827,CAÇAROLA ALUM.FUND.28 C/TAMPA DE VIDRO - 25827
LACOR 25831,CAÇAROLA ALUM.FUND.30 COM TAMPA DE VIDRO - 25831
LACOR 25835,CAÇAROLA ALUM.FUND.36 C/TAMPA DE VIDRO - 25835
LACOR 25910,CAÇAROLA ALUM.FUNDIDO PETRO D.10 CMS - 25910
LACOR 25912,CAÇAROLA ALUM.FUNDIDO PETRO 12x8.5 CM - 25912
LACOR 25915,CAÇAROLA ALUMÍNIO FUNDID PETRO D.14CMS - 25915
LACOR 25921,CAÇAROLA A.F. PETRO 20 CM. - 25921
LACOR 25929,CAÇAROLA A.F. PETRO 28 - 25929
LACOR 27018,SERTÃ EASY 18 CM - 27018
LACOR 27022,SERTÃ EASY 22 CM - 27022
LACOR 27026,SERTÃ EASY 26 CM - 27026
LACOR 27030,SERTÃ EASY 30 CM - 27030
LACOR 27327,CAÇAROLA B.ALUM.FUND.STILO 28CM T/VIDRO - 27327
LACOR 32016,CAÇAROLA COM TAMPA 16CM BASIC - 32016
LACOR 32024,CAÇAROLA COM TAMPA 24CM BASIC - 32024
LACOR 32028,CAÇAROLA COM TAMPA 28CM BASIC - 32028
LACOR 32120,PANELA COM TAMPA 20CM BASIC - 32120
LACOR 32125,PANELA SUPER ALTA COM TAMPA 24CM BASIC - 32125
LACOR 32128,PANELA COM TAMPA 28CM BASIC - 32128
LACOR 32318,COADOR ESFÉRICO 18CM BASIC - 32318
LACOR 32324,ESCORREDOR 24CM. BASIC - 32324
LACOR 32624,TARTEIRA COM TAMPA 24CM BASIC - 32624
LACOR 38010,TESOURAS PROFISSIONAL INÓX 50-54HRc - 38010
LACOR 39008,SUPORTE MAGNÉTICO DE FACAS 380 MM - 39008
LACOR 39009,SUPORTE MAGNÉTICO DE FACAS 550 MM - 39009
LACOR 39010,FUSIL - 39010
LACOR 39012,ARMÁRIO ESTERILIZADOR FACAS - 39012
LACOR 39014,FACA DESOSSADOR 14 CM. - 39014
LACOR 39015,CUTELO 16 CM - 39015
LACOR 39016,FACA CHEF 16 CM. - 39016
LACOR 39018,CUTELO 17 CM - 39018
LACOR 39021,FACA CHEF 21 CM. - 39021
LACOR 39024,FACA DE PRESUNTO 26 CM. - 39024
LACOR 39025,FACA CHEF 25 CM. - 39025
LACOR 39027,FACA DE PÃO 21 CM. - 39027
LACOR 39028,FACA CONGELADOS 21 CM. - 39028
LACOR 39030,FACA CHEF 30 CM. - 39030
LACOR 39040,RASPADOR DE PEIXE EN INÓX 19 CM - 39040
LACOR 39042,RASPADOR DE PEIXE COM SILICONE 27 CM - 39042
LACOR 39061,CONJUNTO 6 FACAS CARNE - 39061
LACOR 39075,AFILADOR FACAS PROFESIONAL 25CM DIAMANTE - 39075
LACOR 39109,SUPORTE MAGNÉTICO DE FACAS 45 CM - 39109
LACOR 39115,FACA PEIXE / FILETES 20 CMS. - 39115
LACOR 39124,ARMÁRIO ESTERILIZADOR FACAS 20 FACAS - 39124
LACOR 39129,MATA MOSQUITOS ELÉCTRICO WHITE 3.5W - 39129
LACOR 39134,MATA MOSQUITOS ELÉCTRICO 26W CAPTER - 39134
LACOR 39135,MATA MOSQUITOS ELÉCTRICO DECOR - 39135
LACOR 39136,MATA MOSQUITOS ELÉCTRICO 36W CAPTER - 39136
LACOR 39137,ELECTROCUTOR DE INSECTOS ELECTRONICO - REFª 39137
LACOR 39163,QUADRO DE MENU 50X80 CM MEIO CÍRCULO - 39163
LACOR 39164,QUADRO DE MENU 65X115 CM - 39164
LACOR 39171,LUVA DE MAIHA TAMANHO L - 39171
LACOR 39172,LUVA DE MAIHA TAMANHO XL - 39172
LACOR 39185,"FACA BATATAS 8,5 CM. - 39185"
LACOR 39266,AFIADOR DE FACAS - 39266
LACOR 40018,CAÇAROLA COM TAMPA 18CM VITROCOR - 40018
LACOR 40022,CAÇAROLA COM TAMPA 22CM VITROCOR - 40022
LACOR 40026,CAÇAROLA COM TAMPA 26CM VITROCOR - 40026
LACOR 40032,CAÇAROLA COM TAMPA 32CM VITROCOR - 40032
LACOR 40116,PANELA COM TAMPA 16CM VITROCOR - 40116
LACOR 40120,PANELA COM TAMPA 20CM VITROCOR - 40120
LACOR 40122,PANELA COM TAMPA 22CM VITROCOR - 40122
LACOR 40125,PANELA SUPER ALTA COM TAMPA 24CM VITROCO - 40125
LACOR 40128,PANELA COM TAMPA 28CM VITROCOR - 40128
LACOR 40136,PANELA COM TAMPA 36CM VITROCOR - 40136
LACOR 45116,PANELA CON TAMPA FOODIE 16X13 CM - 45116
LACOR 45118,PANELA CON TAMPA FOODIE 18X14CM - 45118
LACOR 45128,PANELA CON TAMPA FOODIE 28X17CM - 45128
LACOR 49024,FACA DE PRESUNTO 26 CMS. - 49024
LACOR 50029,CAÇAROLA ALTA COM TAMPA D.28CM CHEF INOX - 50029
LACOR 50041,CAÇAROLA ALTA COM TAMPA D.40CM CHEF INOX - 50041
LACOR 50140,PANELA COM TAMPA D.40CM CHEF INOX - 50140
LACOR 50302,SUPORTE P/ROLO DE PAPEL COM VENTOSA - Refª 50302
LACOR 50440,PEIXEIRA 40 CMS. - 50440
LACOR 50540,ASSADEIRA D.40CM. CHEF INOX - 50540
LACOR 50541,ESCORRE-FRITOS INOX 40X29CM - 50541
LACOR 50570,ASSADEIRA D.70CM. CHEF INOX - 50570
LACOR 50640,PAELHEIRA COM TAMPA D.40 CMS. CHEF INOX - 50640
LACOR 50660,PAELHEIRA COM TAMPA D.60 CMS. CHEF INOX - 50660
LACOR 54123,PANELA BAIXA COM TAMPA D.24 CM CHEF LUXE - 54123
LACOR 54124,PANELA COM TAMPA D.24 CM CHEF LUXE - 54124
LACOR 54139,PANELA BAIXA COM TAMPA D.40 CM CHEF LUXE - 54139
LACOR 54140,PANELA COM TAMPA D.40 CM CHEF LUXE - 54140
LACOR 54145,PANELA COM TAMPA D.45 CM CHEF LUXE - 54145
LACOR 54150,PANELA COM TAMPA D.50 CM CHEF LUXE - 54150
LACOR 60000,CORTA-BACALHAU - 60000
LACOR 60002,GARFO 2 P. - 60002
LACOR 60003,GARFO 3 P. - 60003
LACOR 60005,CORTA-QUEIJOS LÂMINA - 60005
LACOR 60010,LUVA SILICONE PROFISSIONAL 29 CM - 60010
LACOR 60019,"TESOURA MULTIUSOS - 20,5cm - REFª 60019"
LACOR 60021,PASSA-PURÉ DOMÉSTICO 2 DISCOS 20CM - 60021
LACOR 60026,PASSA-PURÉ PROFISSIONAL 2 DISCOS 26 CM. - 60026
LACOR 60031,PASSA-PURÉ PROFISSIONAL 2 DISCOS 32CM. - 60031
LACOR 60035,PASSA-PURÉ INÓX - DIAM. 15cm - REFª 60035
LACOR 60048,PASSA-PURÉ 3 DISCOS 18 CM. - 60048
LACOR 60170,PAELHEIRA ESMALTADA 10CM - 60170
LACOR 60305,RALADOR INOX 18/10 4 CARAS - 60305
LACOR 60311,PASSADOR CHINÊS 10CM - 60311
LACOR 60315,PASSADOR CHINÊS 14CM - 60315
LACOR 60317,PASSADOR CHINÊS 16CM - 60317
LACOR 60320,PASSADOR CHINÊS 20CM - 60320
LACOR 60327,PICADORA DE GELO MANUAL - 60327
LACOR 60329,PICADORA DE CARNE MANUAL INOX - 60329
LACOR 60331,MANDOLINA PLÁSTICO 5 LÂMINAS E ESPREMEDO - 60331
LACOR 60332,MANODOLINA INOX LUXE 5 LÂMINAS - 60332
LACOR 60335,RALADOR INOX COM MANIVELA COM 2 LÂMINAS - 60335
LACOR 60340,PICADORA MANUAL - 60340
LACOR 60342,RODA DE CORTE C/2 DISCOS - REFª 60342
LACOR 60343,CORTA-BATATAS CHIP 3 CORTADORES - 60343
LACOR 60345,PELADORA DE FRUTA VERTICAL C/MANIVELA - REFª 60345
LACOR 60357,MANDOLINA INÓXIDÁVEL COM PROTECTO - 60357
LACOR 60371,CORTADOR DE BOLAS OVAL - MOD. PROFISSIONAL - REFª 60371
LACOR 60374,DESCAROÇADOR DENTADO - REFª 60374
LACOR 60376,DESCOROÇADOR FORMA CORAÇÃO - MOD. PROF. -REFª 60376
LACOR 60378,"PELA-BATATAS ""Y"" PROFESIONAL DENTADO - 60378"
LACOR 60387,ESMAGA-ALHOS LAMINADOR DUAL - 60387
LACOR 60390,MAQUINA DE PASTA 145 MM. - 60390
LACOR 60392,PELADOR DE ANANAS INOXIDABLE 24 CMS - 60392
LACOR 60393,JOGO CORTADOR E DESCASCADOR DE ANANAS - 60393
LACOR 60399,FACA PROFESIONAL PARA FRUTA - 60399
LACOR 60404,ESPÁTULA PROFESIONAL POLIETILENO 81.5CMS - 60404
LACOR 60405,TÁBUA DE CORTE POLIETILENO GN 1/2x3 CM - 60405
LACOR 60406,TÁBUA DE CORTE POLIETILENO GN 1/1X3 CMS. - 60406
LACOR 60407,TÁBUA DE CORTE POLIETILENO 60x40x3 CMS - 60407
LACOR 60408,ESCUMADEIRA 8CM. - 60408
LACOR 60410,ESCUMADEIRA 10CM. - 60410
LACOR 60417,ESCUMADEIRA ARAME 18 CMS. - 60417
LACOR 60424,ESPÁTULA PIZZA PEQUENA - 60424
LACOR 60430,ESPÁTULA TRIANGULAR CABO SÓLIDO INOX - 60430
LACOR 60431,MARTELO ABLANDADOR DE CARNE - 60431
LACOR 60452,"ESPÁTULA NYLON C/CABO INÓX - 7,5X11,5cm - REFª 60452"
LACOR 60455,"TÁBUA CORTE POLIETILENO 32,5x26x2 CM - 60455"
LACOR 60457,TÁBUA CORTE POLIETILENO 60x40x2 CM - 60457
LACOR 60467,ESPÁTULA COMPRIDA ANGULADA INOX 20CM - 60467
LACOR 60468,ESPÁTULA COMPRIDA INOX 25CM - 60468
LACOR 60471,TÁBUA CORTE POLIETILENO VERDE GM 1/2X2 - 60471
LACOR 60472,TÁBUA CORTE POLIETILENO MARRON GN 1/2X2 - 60472
LACOR 60473,TÁBUA CORTE POLIETILENO VERMELHO 1/2X2 - 60473
LACOR 60474,TÁBUA CORTE POLIETILENO AMARELO 1/2X2 - 60474
LACOR 60475,TÁBUA CORTE POLIETILENO AZUL GN1/1x2 CM - 60475
LACOR 60476,TÁBUA CORTE POLIETILENO VERDE GN1/1x2 CM - 60476
LACOR 60477,TÁBUA CORTE POLIETILENO MARRO GN1/1x2 - 60477
LACOR 60478,TÁBUA CORTE POLIETILENO ROJA GN1/1x2 CM - 60478
LACOR 60479,TABLA CORTE POLIET. HD GN 1/1X2 AMARILLO - 60479
LACOR 60480,TÁBUA DE CORTE POLIETIL. PRETO GN 1/2X2CM - 60480
LACOR 60481,TÁBUA DE CORTE POLIETIL.NEGRO GN 1/1X2CM - 60481
LACOR 60487,TABUA CORTE PAO BAMBU 40X30X2CM - 60487
LACOR 60501,TÁBUA DE CORTE POLIETILENO 30X18X1 CM. - 60501
LACOR 60502,TÁBUA DE CORTE POLIETILENO 36X22X1 CM. - 60502
LACOR 60503,TÁBUA DE CORTE POLIETILENO 42X25.5X1 CM. - 60503
LACOR 60509,COLHER OBLIQUA 7.5 CMS. - 60509
LACOR 60552,JOGO COZINHA 5 PEÇAS SILICONE C/PÉ GIR. - REFª 60552
LACOR 60600,TÁBUA CORTE POLIETILENO AZUL 60X40X2 - 60600
LACOR 60601,TÁBUA CORTE POLIETILENO VERDE 60X40X2 - 60601
LACOR 60602,TÁBUA CORTE POLIETILENO CASTANHO 60X40X2 - 60602
LACOR 60603,TÁBUA CORTE POLIETILENO VERMELHO 60X40X2 - 60603
LACOR 60604,TÁBUA CORTE POLIETILENO AMARELO 60X40X2 - 60604
LACOR 60605,TÁBUA CORTE POLIETILENO PRETO 60X40X2 - 60605
LACOR 60606,TÁBUA CORTE POLIETIL. ANTI-ALERG 60X40X2 - 60606
LACOR 60610,BATEDOR GIGANTE 100CM. - 60610
LACOR 60702,PORTA-ROLOS COZINHA DE PAREDE OVAL - 60702
LACOR 60710,SUPORTE DE BARRA INOX 18/10 10 CM. - 60710
LACOR 60731,BARRA FIXAÇãO NOTAS ALUMINIO 305MM - 60731
LACOR 60746,BARRA FIXAÇãO NOTAS ALUMINIO 460MM - 60746
LACOR 60761,BARRA FIXAÇãO NOTAS ALUMINIO 610MM - 60761
LACOR 61001,GUARDANAPO BAR INÓX 8.5X12 CM - 61001
LACOR 61002,GUARDANAPO BAR INÓX 9.5x13.5 - 61002
LACOR 61007,CESTA BATATAS FRITAS QUADRADO 10X8X7 CM - 61007
LACOR 61009,CESTA BATATAS FRITAS REDONDA D.9X8 CM - 61009
LACOR 61021,BANDEJA DE ARDÓSIA 15x20x0.5 CM - 61021
LACOR 61024,LUVA DE COZINHA DE ALGODÁO ALUMINIO 24CM - 61024
LACOR 61025,CAMPAINHA DE RECEÇÃO D.10 CM - 61025
LACOR 61097,NUMEROS DE MESA 6x5 CM. 25-36 INOXIDABLE - 61097
LACOR 61133,CAIXA CONDIMENTOS 3 PCSX1.000 ML C/TAMPA - 61133
LACOR 61341,RALADOR INOX EXTRA FINO - 61341
LACOR 61347,RALADOR COMPRIMO INOX MEDIUM - 61347
LACOR 61415,"MOLHEIRA ""ALADINO"" LUXE 150ML - 61415"
LACOR 61430,"MOLHEIRA ""ALADINO"" LUXE 300ML - 61430"
LACOR 61615,MINI-BATEDOR INOX 15 CM - 61615
LACOR 61631,BATEDOR SUPER 12 30 CM - 61631
LACOR 61634,BATEDORES FIBREGLASS 35CM - 61634
LACOR 61645,BATEDOR EXTRA 8 45CM. - 61645
LACOR 61649,BATEDORES FIBREGLASS 50CM - 61649
LACOR 61671,BATEDEIRA PICADORA LACOR OR 700W - 61671
LACOR 61700,BALANÇA ELECTRONICA C/BASE QUADRADO 150K - 61700
LACOR 61705,BALANÇA MECÂNICA COM BACIA 5 KG INOX - 61705
LACOR 61716,BALANÇA ELECTRONICA COM BASE QUADRADO 15 - 61716
LACOR 61721,BALANÇA DE GANCHO 10KG. - 61721
LACOR 61730,BALANÇA ELECTRONICA COM BASE QUADRADO 30 - 61730
LACOR 61813,CAMPÂNULA DEFUMADORA 12.5x7.5CM - 61813
LACOR 61840,TRAVESSA OVAL INOX 40CM - 61840
LACOR 61845,TRAVESSA OVAL INOX 45CM - 61845
LACOR 61850,TRAVESSA OVAL INOX 50CM - 61850
LACOR 61881,TRAVESSA OVAL INOX 80CM - 61881
LACOR 61925,GARRAFA 250 ML - 61925
LACOR 61940,GARRAFA 400 ML - 61940
LACOR 61940A,GARRAFA AMARELA 400 ML - 61940A
LACOR 61940R,GARRAFA VERMELHA 400 ML - 61940R
LACOR 61970,GARRAFA 700 ML - 61970
LACOR 61970A,GARRAFA AMARELA 700 ML - 61970A
LACOR 61970R,GARRAFA VERMELHA 700 ML - 61970R
LACOR 62023,BULE CLASSIC 0.23LTS. - 62023
LACOR 62084,CAFETEIRA CAFE EXPRES.POLIDO LUXE 4 CHÁ - 62084
LACOR 62160,CAFETEIRA CLASSIC 0.60LTS. - 62160
LACOR 62200,SUPORTE DE MESA P/BALDE DE GELO -R 62200
LACOR 62210,LEITEIRA CLASSIC 1 LTS. - 62210
LACOR 62235,LEITEIRA CLASSIC 0.35LTS. - 62235
LACOR 62263,SUPORTE DE TAÇAS QUADRUPLO - 62263
LACOR 62268,SUPORTE DE TAÇAS TETO / PAREDE - 62268
LACOR 62271,BACIA LISA INÓX 43X30X20 CMS. - 62271
LACOR 62300,PÉ PORTA BALDES - 62300
LACOR 62302,COLHER BATEDORA 27 CMS. - 62302
LACOR 62307,PINÇA DE SERVIÇIO DE MESA - 62307
LACOR 62320,BALDE ARREFECEDOR LUXE ASA INOX 20CMS. - 62320
LACOR 62325,ARREFECEDOR DE GARRAFAS - 62325
LACOR 62326,COADOR BATIDOS 7.7 CMS. - 62326
LACOR 62334,PINÇA MULTIUSOS LUXE INOX 18/10 25CMS. - 62334
LACOR 62346,CHAMPANHEIRO INÓX 18/10 36 CMS. - 62346
LACOR 62352,COLHER COCKTAIL FRIZADA 27 CMS EN INOX - 62352
LACOR 62359,SUPORTE PRESUNTO POLIETILENO ABATIBLE - 62359
LACOR 62424,MOLHEIRA LUXE COM COLHER - 62424
LACOR 62445,ESPETO MORUNO INOX 405MM - 62445
LACOR 62446,ESPETO MORUNO INOX 200MM - 62446
LACOR 62450,TERMÓMETRO REFRIGERADOR COM BASE - 62450
LACOR 62453,TERMÓMETRO ELECTRÓNICO DE CARNE - 62453
LACOR 62457,TERMÓMETRO INFRAVERMELHOS PONTA LASER - 62457
LACOR 62458,TERMÓMETRO DUPLO INFRAVERMELHOS - SONDA - 62458
LACOR 62461,SALEIRO E PIMENTEIRO HYPERLUXE COM SUPOR - 62461
LACOR 62463,GALHETEIRO HYPERLUXE 2 PEÇAS COM SUPORTE - 62463
LACOR 62465,GALHETEIRO HYPERLUXE 4 PEÇAS COM SUPORTE - 62465
LACOR 62479,SUPORTE BALDE DE GELO ARREFECEDOR 20 CM - 62479
LACOR 62481,SERVIDOR TERMO 1 LTS. - 62481
LACOR 62497,JARRA ARREFECEDORA C/TAMPA - REFª 62497
LACOR 62512,FUNIL INOX 12 CM. - 62512
LACOR 62545,DISTRIBUIDOR CEREIS INDIVIDUAL - 62545
LACOR 62597,DISTRIBUIDOR CEREIS DUPLO 2X3.5L - 62597
LACOR 62609,CONCHA PARA MOLHO S.M.B. INOX 18/10 - 62609
LACOR 62680,COADOR 1/2 BOLA 8CM. - 62680
LACOR 62685,ESMAGA-ALHOS LUXE - 62685
LACOR 62689,ABRE-LATAS LXUE 20 CMS. - 62689
LACOR 62690,COADOR CÓNICO 8CM - 62690
LACOR 62753,BANDEJA OVAL MELAMINA 250X183X22 CMS. - 62753
LACOR 62754,BANDEJA OVAL MELAMINA 280X200X24 CMS. - 62754
LACOR 62755,BANDEJA OVAL MELAMINA 314X234X25 CMS. - 62755
LACOR 62762,BANDEJA REDONDA MELAMINA 200X25 MM - 62762
LACOR 62764,BANDEJA REDONDA MELAMINA 254X29 MM - 62764
LACOR 62766,BANDEJA REDONDA MELAMINA 307X33 MM - 62766
LACOR 62791,BANDEJA RECTANGULAR MELAMINA 248X160X23M - 62791
LACOR 62792,BANDEJA RECTANGULAR MELAMINA 280X190X23M - 62792
LACOR 62793,BANDEJA RECTANGULAR MELAMINA 300X208X23M - 62793
LACOR 62795,BANDEJA DE SERVIR REDONDA MELAMINA D 356X40MM - R 62795
LACOR 62796,BANDEJA DE SERVIR REDONDA MELAMINA D 383X51 MM - R 62796
LACOR 62814,MOINHO DE PIMENTA EM ACRÍLICO 14CM - 62814
LACOR 62816,MOINHO DE ESPECIES DUPLO 90 GR - 62816
LACOR 62823,MOINHO DE PIMENTA EM ACRÍLICO 23CM - 62823
LACOR 62904,POLVILHADOR PARA QUEIJO - 62904
LACOR 62905,POLVILHADOR BURUCOS GRANDES - 62905
LACOR 62906,POLVILHADOR BURUCOS PEQUENO - 62906
LACOR 62931,PINÇA COMPRIDA SILICONE 29CMS. - 62931
LACOR 62933,PINÇA GRELHADOR INOX 30CMS. - 62933
LACOR 62938,PINÇA TIRA-ESPINHAS INOX 8 CM - 62938
LACOR 62943,MEDIDOR PARA MACARRÃO 11X9 CM - 62943
LACOR 62950,CESTA DE VINHO INÓX 18/10 - REFª 62950
LACOR 62970,QUEIJEIRA PARMESANA COM COLHER - 62970
LACOR 62976,6 ESPETOS PARA MARISCO INOX 18/10 - 62976
LACOR 62979,MINI PICADOR INÓX - 6X17cm - REFª 62979
LACOR 62980,PICADOR DE CEBOLA INOX 18/10 - 62980
LACOR 62983,PINÇA LUXE INOX 18/10 - 62983
LACOR 62984,PINÇA MULTIUSOS INOX 18/10 - 62984
LACOR 62985,PINÇA P/CUBOS DE AÇUCAR INOX - 62985
LACOR 62986,PINÇA MASSAS INOX 18/10 19CMS. - 62986
LACOR 63005,ABRE-LATAS DE MESA PRETO - 63005
LACOR 63010,SACA-ROLHAS AUTOMÁTICO PRETO - 63010
LACOR 63015,ABRE-LATAS DE MESA INOX - 63015
LACOR 63018,SACA-ROLHAS CON NAVALHA INOX 18/10 - 63018
LACOR 63022,BOQUILHA DE SERVIR INOX 18/10 + TAMPãO - 63022
LACOR 63031,SACA-ROLHAS ELÉCTRICO COM BASECARREGADOR - 63031
LACOR 63033,BOMBA MANUAL VÁCUO INOX 18/10 2 TAMPÔES - 63033
LACOR 63054,SACA-ROLHAS ELÉCT.C/BASECARREGA BLACOR K - 63054
LACOR 63302,PAPELEIRA DE MESA INOX 18/10 12X16CMS. - 63302
LACOR 63304,AÇUCAREIRO DE MESA ESFÉRICO D.14 CM 600 - 63304
LACOR 63309,PAPELEIRA COM PEDAL 3L PRETA - 63309
LACOR 63586,PORTA-TARTES MELAM.CLASICA BRANCO D.32X9 - 63586
LACOR 63613,SERTÁ BLINIS 12 CM - 63613
LACOR 63637,PAELHEIRA DE AÇO 36CM - 63637
LACOR 63828,WOK FERRUM D.28 CM - 63828
LACOR 63829,WOK FERRUM ANTI-ADERENTE D.28 CM - 63829
LACOR 64425,PINCEL DE SILICONE CABO INOX 25 P. - 64425
LACOR 64430,"PINCEL ARO INOX CABO POLIETILENO 4,4X3CM - 64430"
LACOR 64438,PINCEL DE SILICONE E INÓX - 24cm - REFª 64438
LACOR 65050,PINCEL ARO INOX CABO POLIPRO. 50X50CM - 65050
LACOR 66065Z,CAIXA 2/1 530X650X65 INOX - 66065Z
LACOR 66110Z,CAIXA 1/1 530X325X100 INOX - 66110Z
LACOR 66165R,BANDEJA PORCELANA 1/1 - 530X325X65 mm - REFª 66165 R
LACOR 66165Z,CAIXA 1/1 530X325X65 INOX - 66165Z
LACOR 66215Z,CAIXA 1/2 265X325X150 INOX - 66215Z
LACOR 66220Z,CAIXA 1/2 265X325X200 INOX - 66220Z
LACOR 66240Z,CAIXA 1/2 265X325X40 INOX - 66240Z
LACOR 66249,CARRO SERVIÇO 2 BANDEJAS DESMONTÁVEL 80X - 66249
LACOR 66265Z,CAIXA 1/2 265X325X65 INOX - 66265Z
LACOR 66312,CUBETA PERFURADA 1/3 - 176X325X100 mm - R 66312
LACOR 66317,CUBETA PERFURADA 1/3 - 176X325X150 mm - R 66317
LACOR 66349,CARRO SERVIÇO 3 BANDEJAS DESMONTÁVEL 80X - 66349
LACOR 66410Z,CAIXA 1/4 265X162X100 INOX - 66410Z
LACOR 66502,CAIXA 2/3 354X325X20 SEM ASA - 66502
LACOR 66550,CARRO PORTA-PRATOS COM RODAS 100 PRATOS - 66550
LACOR 66734,MOLDE INDIV. SILICONE PUDIN BAIXO 24 CM - 66734
LACOR 66737,MOLDE INDIV. SILICONE REDONDO D.24 CMS - 66737
LACOR 66753,MOLDE MACARONS DUPLO DIÂMETRO 39X29 CM - 66753
LACOR 66760,MOLDE SILICONE 60X40 CM BRIOCHETTE 79X35 - 66760
LACOR 66777,MOLDE QUADRADO DESMONTAVEL 21X21X7 CM - 66777
LACOR 66804,MINI MUFFIN 11 CAVIDADES - 66804
LACOR 66807,MOLDE CILINDRO 8 CAVIDADES - 66807
LACOR 66813,MOLDE CILINDRO GRANDE 8 CAVIDADES - 66813
LACOR 66819,MOLDE BRIOCHETTE 6 CAVIDADES - 66819
LACOR 66820,MOLDE SILICONA BRIOCHETTE 6 CAVIDADES - 66820
LACOR 66902,TAMPA GASTRONORM GN 1/2 JUNHO SILICONE - 66902
LACOR 66903P,TAMPA POLICARBONATO 1/3 - 66903P
LACOR 66904,TAMPA GASTRONORM GN 1/3 JUNHO SILICONE - 66904
LACOR 66904P,TAMPA POLYCARBONATO GN 1/4 - 66904P
LACOR 66905,TAMPA GASTRONORM GN 1/4 JUNHO SILICONE - 66905
LACOR 66909,DUPLO FUNDO PERFURADO 2/1 - 66909
LACOR 66909P,TAMPA POLICARBONATO 1/9 - 66909P
LACOR 66910Z,CAIXA 1/9 176X108X100 INOX - 66910Z
LACOR 66933,PLATO LLANO POLICARB. 22X3 CM CON TAPA - 66933
LACOR 66934,PLATO HONDO PC BPA-FREE 19X5 CM CON TAPA - 66934
LACOR 67000,DOSIFICADOR 2 LTS. - 67000
LACOR 67004,CORTA-PIZZA INOX 18/10 - 67004
LACOR 67006,RAPADOR LISO INOX 18/10 - 67006
LACOR 67010,JARRA DE MEDIDAS CÓNICA INOX 18/10 1LT. - 67010
LACOR 67013,CORREDOR INOX 110ML - 67013
LACOR 67044,RACIONADOR DE GELADO INOX 44MM - 67044
LACOR 67046,RACIONADOR DE GELADO INOX 46MM - 67046
LACOR 67048,RACIONADOR DE GELADO INOX 48MM - 67048
LACOR 67050,RACIONADOR DE GELADO INOX 50MM - 67050
LACOR 67070,RACIONADOR DE GELADO INOX 70MM - 67070
LACOR 67140,ROLO DE AMASAR 40 CMS INÓX 18/10 - 67140
LACOR 67156,ROLO INOX 18/10 L=560 MM - 67156
LACOR 67170,RACIONADOR GELADO INÓX OVAL - MOD. LUXE - R. 67170
LACOR 67427,ESPÁTULA DE SILICONE 26 CM. - 67427
LACOR 67604,CAIXA 2/4 530X165X40 SEM ASA - 67604
LACOR 67824,"MOLDE PIZZA ALUM. C/ORIFICIOS 24 CMS, - 67824"
LACOR 67828,"MOLDE PIZZA ALUM. C/ORIFICIOS 28 CMS, - 67828"
LACOR 68000,MOLDE 12 CAVIDADES MADALENAS - 68000
LACOR 68005,MOLDE OVO-SANDWICH REDONDO INOX INOX - 68005
LACOR 68006,MOLDE OVO-SANDWICH QUADRADA INOX - 68006
LACOR 68007,BANDEJA COM PINÇA PARA NOTAS 11X15.2CM - 68007
LACOR 68010,MOLDE 12 CAVIDADES ANTIADHERENTE - 68010
LACOR 68017,BANDEJA COM PINÇA PARA NOTAS 12X21.5CM - 68017
LACOR 68065,JOGO 6 CORTA-MASSAS VARIADOS - REFª 68065
LACOR 68068,JOGO DE 7 CORTA-MASSAS OVAIS ONDULADOS DE INÓX - R 68068
LACOR 68069,CAIXA 9 CORTA-MASSAS OVAIS REDONDOS INOX - 68069
LACOR 68070,CAIXA 9 CORTA-MASSAS OVAIS REDONDOS INOX - 68070
LACOR 68101,FORMA PARA SALGADOS INOX D. 10 CMS - 68101
LACOR 68141,ROLO DE POLIETILENO ANTI-ADERENTE 43 CM - 68141
LACOR 68213,ROLO DE PICAR MASSAS ALUMINIO 13 CMS - 68213
LACOR 68306,CORTA-OVOS - 68306
LACOR 68350,PENEIRA 35 D. 20 CM INOX 18/10 - 68350
LACOR 68402,BOTIJAS DE SIFÃO N2O (10 BOTIJAS) - 68402
LACOR 68403,BOTIJAS DE SIFÃO N2O (24 BOTIJAS) - 68403
LACOR 68406,MOLDE ARO REDONDO 6x4 CM.-18/10 - 68406
LACOR 68407,"MOLDE ARO REDONDO 7,5x4 CM.-18/10 - 68407"
LACOR 68422,MOLDE ARO REDONDO 22x4 CM.-18/10 - 68422
LACOR 68505,SIFÃO CREME ALUMÍNIO 1.0 LTS GREEN - 68505
LACOR 68516,"MOLDE ARO REDONDO 16x4,5 CM.-18/10 - 68516"
LACOR 68520,"MOLDE ARO REDONDO 20x4,5 CM.-18/10 - 68520"
LACOR 68524,"MOLDE ARO REDONDO 24x4,5 CM.-18/10 - 68524"
LACOR 68526,"MOLDE ARO REDONDO 26x4,5 CM.-18/10 - 68526"
LACOR 68601,GARRAFA DE SODA 1 LTS - 68601
LACOR 68614,MOLDE ARO REDONDO 14X6 CM.-18/10 - 68614
LACOR 68616,MOLDE ARO REDONDO 16X6 CM.-18/10 - 68616
LACOR 68620,ARO REDONDO VACHERIN d.20x6 CMS 18/10 - 68620
LACOR 68622,MOLDE ARO REDONDO 22X6 CM.-18/10 - 68622
LACOR 68626,ARO REDONDO VACHERIN 26x6 CM INOX 18/10 - 68626
LACOR 68714,MOLDE DESMONT.RED.ANTIADERENT.D.24x7 CM - 68714
LACOR 68724,MOLDE SAVARIN ALUM. ANTIADHERENTE 24 CM. - 68724
LACOR 68725,MOLDE CAKE CHAPA ADERENTE 25 CM - 68725
LACOR 68726,MOLDE CAKE INÓX 18% 24CM - 68726
LACOR 68821,FLANERO RIZADO ALUM. ANTIADHERENTE 22 CM - 68821
LACOR 68823,MOLDE RIZADO MOVIL ALUM. ANTIADH. 32 CM. - 68823
LACOR 68824,"MOLDE PIZZA ALUM. ANTIADHERENTE 24 CMS, - 68824"
LACOR 68832,"MOLDE PIZZA ALUM. ANTIADHERENTE 32 CMS, - 68832"
LACOR 68836,MOLDE PIZZA ALUMINIO D.36 CM - 68836
LACOR 68882,MOLDE RIZADO MOVIL ALUM. ANTIADH. 28 CM. - 68882
LACOR 68952,BOQUILHA FLOR 12 M.M. INOX 18/10 - 68952
LACOR 68965,MANGA PASTELARIA NYLON 65 CM - 68965
LACOR 68973,MANGA DE PASTELERIA 30 CM + 4 BOQUILHAS - 68973
LACOR 68984,QUEIMADORA A GÁS PROFESIONAL - 68984
LACOR 68988,QUEIMADORA A GÁS PARA PASTELARIA - 68988
LACOR 68992,SET 2 BOQUILHAS CINTA ESTRELA 4-8mm - 68992
LACOR 69002,AQUECEDOR ELÉCTRICO PARA CHAFING 700W - 69002
LACOR 69006,RECIPIENTE DE COMBUSTÍVEL - 69006
LACOR 69018,AQUECEDOR DE LÍQUIDOS - 69018
LACOR 69023,DISTRIBUIDOR DUPLO CEREIS COM BASE - 69023
LACOR 69028,AQUECEDOR DE LIQUIDOS COM PATAS CROMADAS - 69028
LACOR 69032,PLACOR A DE INDUÃO - 69032
LACOR 69036,BANHO-MARIA ELÉCTRICO GN 1/1 230 V - 69036
LACOR 69037,PANELA AQUECEDORA DE SOPA ELÉCTRI.10 LTS - 69037
LACOR 69038,PANELA AQUECEDORA SOPA ELÉCTRI.INOX 10Lt - 69038
LACOR 69042,100 SACOS DE VÁCUO 20X30 CMS - 69042
LACOR 69049,Maquina de Vacuo Maxi 130w
LACOR 69052,BOBINA MANGA PLÁSTICO 22+28 CM 5 mtr - 69052
LACOR 69054,25 SACOS DE VÁCUO 20X30 CMS - 69054
LACOR 69055,25 SACOS DE VÁCUO 24X36 CMS - 69055
LACOR 69056,25 SACOS DE VÁCUO 28X40 CMS - 69056
LACOR 69061,LAMPARA 550W CALOR INFRAVERMELHO - 69061
LACOR 69062,TORRADEIRA AUTOMATICA 2 FATIAS DE PAO - 69062
LACOR 69064,TORRADEIRA AUTOMATICA 4 FATIAS DE PAO - 69064
LACOR 69066,TORRADEIRA ELÉCTR.TAPETE ROLANTE 2.24KW - 69066
LACOR 69068,PICADORA ELÉCTRICA DE CARNE 800W - 69068
LACOR 69072,ARMÁRIO REFRIGERADOR ELÉCTRICO 28 GARRAF - 69072
LACOR 69079,ROBÔ MULTIFUNCIONAIS 800W - 69079
LACOR 69084,"BATEDEIRA ELÉCTRICA COM BACIA ""PROFISSIO - 69084"
LACOR 69110,CHAFING DISH GN 1/1 C/TAMPA INOX - 69110
LACOR 69111,"BATEDOR DE BATIDOS 400W 0,6 L - 69111"
LACOR 69116,MAQUINA DE VACUO SINO - 69116
LACOR 69118,CORTADORA ELÉCTRICA DE FIAMBRE HOME - 69118
LACOR 69120,ESPREMEDOR SE SUMOS ELÉCTRICO COM BRACO - 69120
LACOR 69122,PANQUECA ELÉCTRICA D.30 CMS 1000W - 69122
LACOR 69125,CORTADORA ELÉCTRICA DE FIAMBRE 150W 250M - 69125
LACOR 69130,CORTADORA ELÉCTRICA DE FIAMBRE 250W - 69130
LACOR 69131,PLACOR A DE INDUÇÃO COM REGULADOR D24-1000W - 69131
LACOR 69132,PLACOR A DE INDUÃO PROFISSIONAL 3500W - 69132
LACOR 69132F,VENTILADORES (4) P/PLACOR A INDUÇAO
LACOR 69135,FRITADEIRA ELÉCTRICA 3.5LTS. 2000W - 69135
LACOR 69139,PLACOR A DE INDUÇÃO COM REGULADOR D.18-700W - 69139
LACOR 69141,AFILADOR DE FACAS ELÉCTRICO MULTI - 69141
LACOR 69147,SANDUICHERA ELÉCTR.FATIA QUADRADAS 750 W - 69147
LACOR 69149,MAQUINA ELÉC.FAZER GOFFRES REVERSIV.875W - 69149
LACOR 69162,TORRADEIRA LUXE - 2 TORRADAS - REFª 69162
LACOR 69166,GRELHAR SIMPLE ONDULADA 2.2KW - 69166
LACOR 69167,GRELHAR DOBLE ONDULADA 4.4KW - 69167
LACOR 69169,FRITADEIRA ELECTRICA 6 LTS 2500W - 69169
LACOR 69172,TORRADEIRA ELÉCTRICA HORIZONTAL 2200 W - 69172
LACOR 69173,TORRADEIRA ELÉCTRICA HORIZONTAL 3150 W - 69173
LACOR 69179,GRELHADOR PROFESSIONAL 6 KW 61x40 CM - 69179
LACOR 69195,BATEDOR ELÉCTRICO PROFISSIONAL 1200W - 69195
LACOR 69196,PLACOR A CREPEIRA ELÉCTRICA D.40 CM 3 KW - 69196
LACOR 69202,CESTA PARA PRATOS 50x50x10 CM - 69202
LACOR 69205,TAMPA CESTA UNIVERSAL 50x50x2.5 CM - 69205
LACOR 69206,"SUPLEMENTO EM ARAME P/PRATOS- 45X45X9,5cm - REFª 69206"
LACOR 69217,SUPLEMENTO ALTURA 16 COMPRATIMENTOS - 69217
LACOR 69221,DEFUMADOR DE ALIMENTOS MAGIC - 69221
LACOR 69222,PANQUECA ELÉCTRICA D.30 CMS 1000W - 69222
LACOR 69226,"SUPLEM.ALTURA 25 COMPART.50x50x4,5 CM - 69226"
LACOR 69227,PLACOR A GRELHADOR ELECTRICA 1800W - 69227
LACOR 69233,PANELA DE ARROZ 700W - 69233
LACOR 69236,CESTA BASE 36 COMPARTIMENTOS 50x50x10 - 69236
LACOR 69237,SUPLEMENTO ALTURA 36 COMPARTIMENTOS - 69237
LACOR 69247,SANDUICHERA ELÉCTR.FATIA TRIANGULAR 750W - 69247
LACOR 69248,SUPLEM. ALTURA 49 COMPART. - 69248
LACOR 69249,CESTA BASE 49 COMPART. 50x50x10 - 69249
LACOR 69250,CESTA BASE UNIVERSAL 50x50x10 CMS - 69250
LACOR 69251,"SUPLEMENTO ALTURA ABERTO 50x50x4,5 CM - 69251"
LACOR 69256,CAFETEIRA EXPRESSO 850W - 69256
LACOR 69260,TORRADEIRA RANHUA LARGA DUPLO 1500 W - 69260
LACOR 69266,LÂMPARA CALOR INFRA. CABO EXTENSI 275W - 69266
LACOR 69267,POTE ELECTRICO PARA SOPA 11 LTS 800W - 69267
LACOR 69274,PACK 200 FILTROS 250 MM - 69274
LACOR 69275,PACK 200 FILTROS 200 MM - 69275
LACOR 69277,CHALEIRA ELÉCTRICA 1.7 LTS. 2200W - 69277
LACOR 69278,"CAFETEIRA TIPO FILTRO 1,25 L - 69278"
LACOR 69279,"PROGRAMAVEL CAFÉ TIPO FILTRO 1,8 L - 69279"
LACOR 69288,LIQUIDIFICADORA DE SUMOS 850 W 2 L - 69288
LACOR 69289,CHALEIRA ELECTRICA CERAMICA 1 L - 69289
LACOR 69292,CHALEIRA ELECTRICA DE VIDRO 1.7 L 2200W - 69292
LACOR 69296,TORRADEIRA BUFFET 6 FATIAS DE PÃO 2500W - 69296
LACOR 69298,CHALEIRA ELECTRICA INSTANTE 2L - 69298
LACOR 69299,MÁQUINA DE PIPOCA - 69299
LACOR 69313,PICADORA DE GELO - 69313
LACOR 69315,MÁQUINA PARA FAZER GELADO 150W - 69315
LACOR 69316,MAQUINA PANIFICADORA - REFª 69316
LACOR 69317,BANHO-MARIA CHOCOLATE 50W - 69317
LACOR 69318,FONTE CHOCOLATE 35 W - 69318
LACOR 69319,FONTE CHOCOLATE GRANDE 80 W - 69319
LACOR 69320,MAQUINA DE FAZER GELO PRO - 69320
LACOR 69321,DEFUMADOR DE ALIMENTOS INSTANT - 69321
LACOR 69334,MÁQUINA DE FAZER PAO - 69334
LACOR 69339,PACOTE DE CANUDOS PAPEL - 69339
LACOR 69349,MAQUINA ELÉC.FAZER GOFFRES 1000 W - 69349
LACOR 69350,MÁQUINA DE VÁCUO MAXI 120 W - 69350
LACOR 69360,TORRADEIRA RANHUA LARGA 1000 W - 69360
LACOR 69368,PICADORA ELÉCTRICA DE CARNE PRO 550 W - 69368
LACOR 69369,PICADORA ELÉCTRICA DE CARNE CHOP - 69369
LACOR 69379,PLACOR A GRELHA PROFISSIONAL 3KW 40X40CM - 69379
LACOR 69384,BATIDEIRA ELECTRICA DA MAO 300W - 69384
LACOR 69385,MOEDOR DE CAFE 200W - 69385
LACOR 69386,MISTURADOR PESSOAL MIX & GO MASON - 69386
LACOR 69387,CONJUNTO 2 FRASCOS MASON - 69387
LACOR 69388,BATEDEIRA ELÉCTRICA COM TIGELA 600W 4 L - 69388
LACOR 69389,MISTURADOR PESSOAL PRO - 69389
LACOR 69397,CHALEIRA ELECTRICA - 69397
LACOR 69422,AQUECEDOR ELÉT. TELHADO 2100W - 69422
LACOR 69445,AQUECEDER DE BUFFET 3 X GN 1/3 300W - 69445
LACOR 69450,AIR BRUSH CON COMPRESOR - 69450
LACOR 69462,2 BOBINAS MANGA PLASTICO 22X5-28X5 MTS - 69462
LACOR 69475,"AIR POT ELECTRICO 5,2 LT - REFª 69475"
LACOR 69483,BATEDEIRA MISTURADORA ELÉCT. 3.5L - 400W - 69483
LACOR 69485,MOEDOR DE CAFE ELECTRICO KALDI - 69485
LACOR 69488,LIQUIDIFICADOR DE SUMOS PROFIS. 700 W - 69488
LACOR 69520,ESPREMEDOR DE LARANJA AUTOMATICO - 69520
LACOR 69521,DEFUMADOR DE ALIMENTOS - 69521
LACOR 69540,MAQUINA DE VACUO 40CM PROFESIONAL - 69540
LACOR 69541,APOIO ROLO SACOS VAZIO 40CM - 69541
LACOR 69550,MADEIRA ESFUMACADO OLIVEIRA 100 g - 69550
LACOR 69554,TAMPA DE FUMO COCKTAIL - 69554
LACOR 69561I,ROBÒ MULTIFUNCIONAIS COOKINGME INGLÊ.REC - 69561I
LACOR 69564,LÂMPADA DE AQUEC. EXT. CÓNICA LIXADA - 69564
LACOR 69574,DOBRANDO GRILL PRO - 69574
LACOR 69583,BATEDEIRA-AMASSADORA MULTIFUNÇÃO DELICY - 69583
LACOR 69584,"ACCESORIO JARRO BATEDEIRA 1,5L PAR 69583 - 69584"
LACOR 69590,CHALEIRA ELÉCTRICA GREY 1.3 Lts 2.200W - 69590
LACOR 69591,"CHALEIRA ELÉCTRICA WHITE 1,3 LT-2200W - 69591"
LACOR 69683,BATEDEIRA-AMASSADORA MULTIFUNÇÃO COMPLET - 69683
LACOR 69684,"ACCESORIO JARRO BATEDEIRA 1,5L PAR 69683 - 69684"
LACOR 69685,ACCESORIO PICADOR - SALCHICHAS - 69685
LACOR 69785,BATEDEIRA BRISK SF 50CM - 500W - 69785
LACOR 69795,BATEDEIRA BRISK SV 50CM - 500W - 69795
LACOR 69801,APOIO INDIVIDUAL PARA BRISK - 69801
LACOR 69803,APOIO TRIPLO PARA BRISK - 69803
LACOR 69815,ACCESÓRIO AMASSAD.BATEDEIRA BRISK 185 MM - 69815
LACOR 69824,ACCESÓRIO AMASSAD.BATEDEIRA BRISK 250 MM - 69824
LACOR 69825,PÉ TRITURADOR BATEDEIRA BRISK 250 MM - 69825
LACOR 69830,PÉ TRITURADOR BATEDEIRA BRISK 300 MM - 69830
LACOR 69840,PÉ TRITURADOR BATEDEIRA BRISK 400 MM - 69840
LACOR 71711,FONDUE FERRO FUNDIDO ROSSO - 71711
LACOR 72811,SERVIDOR DE ESPARGUETE PROFESIONAL - 72811
LACOR 79830,WOK 30CM BELLY - 79830
LACOR 90120,PANELA COM TAMPA 20CM GOURMET - 90120
LACOR 90124,PANELA COM TAMPA 24CM GOURMET - 90124
LACOR 90132,PANELA COM TAMPA 32CM GOURMET - 90132
LACOR 90318,COADOR ESFÉRICO 18CM GOURMET - 90318
LACOR 90622,TARTEIRA COM TAMPA 22CM GOURMET - 90622
LACOR 90632,TARTEIRA COM TAMPA 32CM GOURMET - 90632
LACOR 98803,CONCHA NYLON - 98803
LACOR 98804,ESCUMADEIRA NYLON - 98804
LACOR 98911,"SERVIDOR DE ESPARGUETE NYLON 28,5x6 CM - 98911"
LACOR R69061A,LAMPADA INFRAVERMELHO 275 W - R69061A
LACOR R69099B,ARO COMPL. CHAFING DISH LUXE GN 1/1-2/3 - R69099B
LACOR R69382F,LUVA DE NEOPRENE PARA 69382 - R69382F
LACOR R69561Q,RECETAS COOKINGME INGLÊS - R69561Q